model,case_id,function_name,passed,failure_reason,total_seconds,total_tokens,calls
gpt-4o,0,foo1,False,returncode_1,2.438239812850952,,
gpt-4o,1,foo2,False,returncode_1,3.103590726852417,,
gpt-4o,2,foo22,False,no_syntax,107.46,13799,3
gpt-4o,3,foo24,False,no_syntax,61.06,13412,3
gpt-4o,4,foo25,False,no_syntax,30.65,11346,4
gpt-4o,5,foo27,False,no_syntax,99.22,13972,3
gpt-4o,6,foo28,True,pass,73.05,7947,2
gpt-4o,7,foo29,True,pass,2.34,0,0
gpt-4o,8,foo32,True,pass,202.5,8305,2
gpt-4o,9,foo36,False,returncode_1,25.197495460510254,,
gpt-4o,10,foo40,False,no_syntax,50.7,11353,4
gpt-4o,11,foo41,False,no_syntax,46.32,11271,4
gpt-4o,12,foo42,True,pass,93.28,6934,2
gpt-4o,13,foo62,True,pass,1.84,0,0
gpt-4o,14,foo6,False,returncode_1,3.9018709659576416,,
gpt-4o,15,foo7,False,no_syntax,60.52,12965,3
gpt-4o,16,foo8,True,pass,26.46,4000,1
gpt-4o,17,foo9,False,returncode_1,2.869199275970459,,
gpt-4o,18,foo26,False,returncode_1,2.8806488513946533,,
gpt-4o,19,foo33,False,returncode_1,3.3345470428466797,,
gpt-4o,20,foo34,True,pass,40.1,7391,2
gpt-4o,21,foo35,False,returncode_1,3.8044872283935547,,
gpt-4o,22,foo37,False,no_syntax,46.67,8692,2
gpt-4o,23,foo44,False,no_syntax,47.67,11975,3
gpt-4o,24,foo45,False,no_syntax,74.41,12270,3
gpt-4o,25,foo47,False,no_syntax,54.55,12205,3
gpt-4o,26,foo48,False,returncode_1,2.2425382137298584,,
gpt-4o,27,foo49,False,returncode_1,2.42185640335083,,
gpt-4o,28,foo54,False,no_syntax,43.1,11150,3
gpt-4o,29,foo60,False,returncode_1,2.7562077045440674,,
gpt-4o,30,foo70,True,pass,10.94,3665,1
gpt-4o,31,foo3,False,returncode_1,3.0551352500915527,,
gpt-4o,32,foo4,False,returncode_1,3.070709466934204,,
gpt-4o,33,foo5,True,pass,1.14,0,0
gpt-4o,34,foo10,True,pass,1.13,0,0
gpt-4o,35,foo39,True,pass,16.86,3686,1
gpt-4o,36,foo46,False,returncode_1,3.0949866771698,,
gpt-4o,37,foo57,True,pass,19.37,6643,2
gpt-4o,38,foo112,False,no_syntax,39.17,3478,1
gpt-4o,39,foo113,False,no_syntax,17.06,3540,1
gpt-4o,40,foo114,False,no_syntax,10.15,3095,1
gpt-4o,41,foo115,False,no_syntax,11.14,3506,1
gpt-4o,42,foo117,False,no_syntax,14.98,3554,1
gpt-4o,43,foo118,True,pass,162.32,7685,2
gpt-4o,44,foo119,True,pass,159.84,12627,3
gpt-4o,45,foo120,True,pass,51.95,3463,1
gpt-4o,46,foo121,False,no_syntax,14.39,3549,1
gpt-4o,47,foo122,False,no_syntax,15.24,2713,1
gpt-4o,48,foo124,False,no_syntax,12.36,2888,1
gpt-4o,49,foo156,True,pass,62.21,3179,1
gpt-4o,50,foo162,True,pass,56.47,3008,1
gpt-4o,51,foo168,True,pass,39.95,2774,1
gpt-4o,52,foo169,True,pass,79.57,7215,2
gpt-4o,53,foo213,False,no_syntax,7.66,2601,1
gpt-4o,54,foo214,False,no_syntax,8.99,2596,1
gpt-4o,55,foo219,True,pass,55.56,2609,1
gpt-4o,56,foo228,False,no_valid,14.92,2718,1
gpt-4o,57,foo229,False,no_syntax,22.73,2979,1
gpt-4o,58,foo230,False,no_syntax,11.32,2841,1
gpt-4o,59,foo231,False,no_valid,102.0,2793,1
gpt-4o,60,foo234,False,no_syntax,11.16,2929,1
gpt-4o,61,foo235,True,pass,17.31,2903,1
gpt-4o,62,foo236,False,no_syntax,16.58,2929,1
gpt-4o,63,foo241,True,pass,66.25,2753,1
gpt-4o,64,foo242,True,pass,49.94,2742,1
gpt-4o,65,foo253,False,no_syntax,7.47,2900,1
gpt-4o,66,foo276,False,no_syntax,23.57,10209,3
gpt-4o,67,foo295,False,no_syntax,91.38,11098,3
gpt-4o,68,foo301,True,pass,70.09,2811,1
gpt-4o,69,foo302,True,pass,93.84,7681,2
gpt-4o,70,foo303,True,pass,43.63,3630,1
gpt-4o,71,foo304,True,pass,65.08,7079,2
gpt-4o,72,foo306,True,pass,77.06,3543,1
gpt-4o,73,foo307,False,returncode_1,18.229301691055298,,
gpt-4o,74,foo308,False,no_syntax,33.18,3833,1
gpt-4o,75,foo309,True,pass,190.34,4335,1
gpt-4o,76,foo356,True,pass,17.55,2598,1
gpt-4o,77,foo357,False,no_syntax,12.08,2611,1
gpt-4o,78,foo358,False,no_syntax,9.55,2628,1
gpt-4o,79,foo359,False,returncode_1,17.38932704925537,,
gpt-4o,80,foo360,False,returncode_1,22.190866231918335,,
gpt-4o,81,foo361,False,returncode_1,21.28593945503235,,
gpt-4o,82,foo388,False,returncode_1,20.155654191970825,,
gpt-4o,83,foo389,False,returncode_1,15.368306636810303,,
gpt-4o,84,foo391,False,returncode_1,13.928806781768799,,
gpt-4o,85,foo392,False,no_syntax,72.89,11785,3
gpt-4o,86,foo394,False,no_syntax,166.2,11142,3
gpt-4o,87,foo395,True,pass,61.64,6985,2
gpt-4o,88,foo396,False,no_syntax,144.15,11433,3
gpt-4o,89,foo397,False,no_syntax,145.11,11386,3
gpt-4o,90,foo398,False,no_syntax,61.19,11181,3
gpt-4o,91,foo7,False,no_syntax,59.52,12775,3
gpt-4o,92,foo8,True,pass,23.57,4083,1
gpt-4o,93,foo9,False,returncode_1,3.152338981628418,,
gpt-4o,94,foo10,True,pass,1.06,0,0
gpt-4o,95,foo12,True,pass,116.06,7096,2
gpt-4o,96,foo13,True,pass,10.4,0,0
gpt-4o,97,foo14,False,no_syntax,80.56,14917,4
gpt-4o,98,foo15,False,no_syntax,81.98,15026,4
gpt-4o,99,foo16,False,no_syntax,80.08,14871,4
gpt-4o,100,foo18,True,pass,27.29,3472,1
gpt-4o,101,foo20,True,pass,110.62,8043,2
gpt-4o,102,foo21,False,no_syntax,72.63,13308,3
gpt-4o,103,foo23,False,no_syntax,69.3,13714,3
gpt-4o,104,foo24,False,no_syntax,59.87,13746,3
gpt-4o,105,foo26,False,returncode_1,1.9439029693603516,,
gpt-4o,106,foo27,False,no_syntax,148.69,13424,3
gpt-4o,107,foo28,True,pass,124.47,8218,2
gpt-4o,108,foo29,True,pass,1.41,0,0
gpt-4o,109,foo30,True,pass,1.14,0,0
gpt-4o,110,foo31,False,no_syntax,53.35,12071,3
gpt-4o,111,foo34,False,no_syntax,55.64,12266,3
gpt-4o,112,foo35,False,returncode_1,3.026491641998291,,
gpt-4o,113,foo36,False,returncode_1,2.738058090209961,,
gpt-4o,114,foo37,False,no_syntax,43.21,8657,2
gpt-4o,115,foo38,False,no_syntax,129.05,13055,3
gpt-4o,116,foo39,True,pass,25.01,3671,1
gpt-4o,117,foo40,False,no_syntax,49.84,11340,4
gpt-4o,118,foo41,False,no_syntax,54.84,11305,4
gpt-4o,119,foo42,True,pass,149.11,6838,2
gpt-4o,120,foo43,False,no_syntax,168.33,13061,3
gpt-4o,121,foo44,False,no_syntax,149.91,11988,3
gpt-4o,122,foo45,False,no_syntax,73.53,12372,3
gpt-4o,123,foo46,False,returncode_1,3.2893588542938232,,
gpt-4o,124,foo47,False,no_syntax,45.83,12290,3
gpt-4o,125,foo48,False,returncode_1,2.8574862480163574,,
gpt-4o,126,foo49,False,returncode_1,3.2032132148742676,,
gpt-4o,127,foo50,False,returncode_1,4.355724573135376,,
gpt-4o,128,foo51,True,pass,2.45,0,0
gpt-4o,129,foo52,False,no_syntax,60.19,13397,3
gpt-4o,130,foo53,False,no_syntax,48.84,11452,3
gpt-4o,131,foo54,False,no_syntax,46.23,11296,3
gpt-4o,132,foo55,False,no_syntax,38.8,11268,3
gpt-4o,133,foo56,False,returncode_1,2.288980484008789,,
gpt-4o,134,foo58,False,no_syntax,83.07,14205,4
gpt-4o,135,foo59,False,returncode_1,2.2278695106506348,,
gpt-4o,136,foo60,False,returncode_1,2.0610930919647217,,
gpt-4o,137,foo62,True,pass,1.04,0,0
gpt-4o,138,foo63,True,pass,1.79,0,0
gpt-4o,139,foo64,False,no_syntax,114.96,13326,3
gpt-4o,140,foo65,True,pass,1.06,0,0
gpt-4o,141,foo66,True,pass,1.61,0,0
gpt-4o,142,foo67,False,no_syntax,85.63,13917,3
gpt-4o,143,foo68,False,no_syntax,70.97,13438,3
gpt-4o,144,foo69,True,pass,89.71,12122,3
gpt-4o,145,foo70,True,pass,9.41,3562,1
gpt-4o,146,foo73,False,no_syntax,54.9,10593,3
gpt-4o,147,foo74,True,pass,166.48,11358,3
gpt-4o,148,foo77,False,no_syntax,82.9,10654,3
gpt-4o,149,foo78,False,no_syntax,42.96,11131,3
gpt-4o,150,foo1,False,returncode_1,2.6279146671295166,,
gpt-4o,151,foo2,False,returncode_1,2.0378332138061523,,
gpt-4o,152,foo3,False,returncode_1,2.100775957107544,,
gpt-4o,153,foo4,False,returncode_1,1.9378995895385742,,
gpt-4o,154,foo5,True,pass,0.75,0,0
gpt-4o,155,foo6,False,returncode_1,1.891099452972412,,
gpt-4o,156,foo7,False,no_syntax,66.94,13648,3
gpt-4o,157,foo8,True,pass,17.78,3857,1
gpt-4o,158,foo9,False,returncode_1,1.870093584060669,,
gpt-4o,159,foo10,True,pass,0.76,0,0
gpt-4o,160,foo11,False,no_syntax,212.0,19077,4
gpt-4o,161,foo12,False,no_syntax,46.3,11468,3
gpt-4o,162,foo13,True,pass,6.29,0,0
gpt-4o,163,foo14,False,no_syntax,71.47,14804,4
gpt-4o,164,foo15,False,no_syntax,56.83,14384,4
gpt-4o,165,foo16,False,no_syntax,58.19,14777,4
gpt-4o,166,foo17,False,no_syntax,61.93,14681,4
gpt-4o,167,foo18,True,pass,25.69,3520,1
gpt-4o,168,foo19,True,pass,136.0,12651,3
gpt-4o,169,foo20,True,pass,93.35,7919,2
gpt-4o,170,foo21,False,no_syntax,71.14,13249,3
gpt-4o,171,foo22,True,pass,199.56,8307,2
gpt-4o,172,foo23,False,no_syntax,53.36,13485,3
gpt-4o,173,foo24,True,pass,216.91,13727,3
gpt-4o,174,foo25,False,no_syntax,48.79,11459,4
gpt-4o,175,foo26,False,returncode_1,3.171430826187134,,
gpt-4o,176,foo27,False,no_syntax,65.42,14240,3
gpt-4o,177,foo28,True,pass,166.91,8045,2
gpt-4o,178,foo32,False,no_syntax,275.72,13775,3
gpt-4o,179,foo34,True,pass,133.13,12486,3
gpt-4o,180,foo35,False,returncode_1,3.0390589237213135,,
gpt-4o,181,foo36,False,returncode_1,23.9550359249115,,
gpt-4o,182,foo37,False,no_syntax,33.0,8655,2
gpt-4o,183,foo38,False,no_syntax,59.87,13050,3
gpt-4o,184,foo39,True,pass,16.18,3711,1
gpt-4o,185,foo40,False,no_syntax,47.47,11349,4
gpt-4o,186,foo44,True,pass,131.21,11880,3
gpt-4o,187,foo45,False,no_syntax,54.07,12313,3
gpt-4o,188,foo46,False,returncode_1,2.7220840454101562,,
gpt-4o,189,foo47,False,no_syntax,51.6,12295,3
gpt-4o,190,foo48,False,returncode_1,2.769967794418335,,
gpt-4o,191,foo49,False,returncode_1,3.0269358158111572,,
gpt-4o,192,foo50,False,returncode_1,3.771801233291626,,
gpt-4o,193,foo51,True,pass,2.19,0,0
gpt-4o,194,foo52,False,no_syntax,55.71,13847,3
gpt-4o,195,foo53,False,no_syntax,39.48,11406,3
gpt-4o,196,foo54,False,no_syntax,45.66,11081,3
gpt-4o,197,foo55,False,no_syntax,62.66,11327,3
gpt-4o,198,foo56,False,returncode_1,2.1333022117614746,,
gpt-4o,199,foo57,True,pass,19.2,6590,2
gpt-4o,200,foo58,False,no_syntax,60.03,13904,4
gpt-4o,201,foo59,False,returncode_1,2.2203259468078613,,
gpt-4o,202,foo60,False,returncode_1,2.347956895828247,,
gpt-4o,203,foo61,False,no_syntax,122.68,13282,3
gpt-4o,204,foo62,True,pass,1.15,0,0
gpt-4o,205,foo63,True,pass,2.09,0,0
gpt-4o,206,foo64,False,no_syntax,81.67,13185,3
gpt-4o,207,foo65,True,pass,1.14,0,0
gpt-4o,208,foo66,True,pass,2.6,0,0
gpt-4o,209,foo67,False,no_syntax,94.64,13928,3
gpt-4o,210,foo68,False,no_syntax,69.02,13670,3
gpt-4o,211,foo70,True,pass,13.58,3716,1
gpt-4o,212,foo71,False,no_syntax,88.85,13095,3
gpt-4o,213,foo72,False,no_syntax,69.09,13749,3
gpt-4o,214,foo73,False,no_syntax,23.15,10071,3
gpt-4o,215,foo74,False,no_syntax,27.01,9739,3
gpt-4o,216,foo75,False,returncode_1,0.9091677665710449,,
gpt-4o,217,foo76,False,no_syntax,78.4,13491,3
gpt-4o,218,foo77,False,no_syntax,50.32,10994,3
gpt-4o,219,foo78,False,no_syntax,49.91,11125,3
gpt-4o,220,foo79,True,pass,113.13,8136,2
gpt-4o,221,foo80,False,no_syntax,97.0,14458,4
gpt-4o,222,foo81,False,no_syntax,97.2,14332,4
gpt-4o,223,foo82,False,no_syntax,68.36,14748,4
gpt-4o,224,foo83,True,pass,142.7,7212,2
gpt-4o,225,foo84,False,no_syntax,98.67,11650,3
gpt-4o,226,foo85,True,pass,99.96,7248,2
gpt-4o,227,foo86,False,returncode_1,2.489367961883545,,
gpt-4o,228,foo87,False,returncode_1,2.2740821838378906,,
gpt-4o,229,foo88,False,returncode_1,2.763031005859375,,
gpt-4o,230,foo89,False,no_syntax,126.75,14570,4
gpt-4o,231,foo90,False,no_syntax,117.36,14488,4
gpt-4o,232,foo91,True,pass,140.51,9342,3
gpt-4o,233,foo92,True,pass,35.58,7472,2
gpt-4o,234,foo93,True,pass,163.75,7440,2
gpt-4o,235,foo94,True,pass,161.71,7322,2
gpt-4o,236,foo95,True,pass,131.61,13207,3
gpt-4o,237,foo96,False,no_syntax,76.93,13338,3
gpt-4o,238,foo97,False,no_syntax,54.53,14539,4
gpt-4o,239,foo98,True,pass,272.42,7229,2
gpt-4o,240,foo99,False,returncode_1,3.118030548095703,,
gpt-4o,241,foo100,False,no_syntax,78.43,14501,4
gpt-4o,242,foo101,True,pass,42.89,7416,2
gpt-4o,243,foo102,False,no_syntax,63.04,14794,4
gpt-4o,244,foo103,False,no_syntax,90.47,14708,4
gpt-4o,245,foo104,False,no_syntax,93.91,14629,4
gpt-4o,246,foo105,False,no_syntax,62.19,14096,4
gpt-4o,247,foo106,False,no_syntax,101.31,14110,4
gpt-4o,248,foo107,False,no_syntax,89.05,14149,4
gpt-4o,249,foo108,False,no_syntax,60.22,14074,3
gpt-4o,250,foo109,False,no_syntax,49.71,13194,3
gpt-4o,251,foo110,False,no_syntax,73.48,13678,3
gpt-4o,252,foo114,False,no_syntax,21.17,3540,1
gpt-4o,253,foo115,False,no_syntax,12.69,3526,1
gpt-4o,254,foo116,False,no_syntax,90.83,11352,3
gpt-4o,255,foo118,False,no_syntax,53.93,12349,3
gpt-4o,256,foo119,False,no_syntax,70.48,12624,3
gpt-4o,257,foo120,False,no_syntax,20.62,3555,1
gpt-4o,258,foo121,False,no_syntax,13.72,3555,1
gpt-4o,259,foo122,False,no_syntax,10.99,2781,1
gpt-4o,260,foo123,False,no_syntax,87.85,21407,3
gpt-4o,261,foo127,False,no_syntax,121.35,12861,3
gpt-4o,262,foo129,True,pass,92.43,7812,2
gpt-4o,263,foo130,False,no_syntax,72.79,13915,3
gpt-4o,264,foo139,True,pass,80.99,7061,2
gpt-4o,265,foo142,True,pass,251.71,7634,2
gpt-4o,266,foo143,False,no_syntax,204.02,12329,3
gpt-4o,267,foo144,True,pass,195.21,7263,2
gpt-4o,268,foo145,False,returncode_1,1.8561041355133057,,
gpt-4o,269,foo146,False,returncode_1,2.895991325378418,,
gpt-4o,270,foo147,False,returncode_1,3.4169609546661377,,
gpt-4o,271,foo148,False,no_syntax,116.79,12044,3
gpt-4o,272,foo152,False,no_syntax,105.28,11568,3
gpt-4o,273,foo153,True,pass,227.87,9682,3
gpt-4o,274,foo154,True,pass,136.65,6965,2
gpt-4o,275,foo155,False,no_syntax,55.33,14388,4
gpt-4o,276,foo157,False,returncode_1,3.968449831008911,,
gpt-4o,277,foo158,True,pass,91.05,7493,2
gpt-4o,278,foo159,True,pass,190.11,7477,2
gpt-4o,279,foo160,False,no_syntax,202.97,11952,3
gpt-4o,280,foo164,False,no_syntax,105.48,11297,3
gpt-4o,281,foo165,True,pass,153.3,6846,2
gpt-4o,282,foo166,True,pass,110.67,6570,2
gpt-4o,283,foo170,False,no_syntax,63.22,12172,3
gpt-4o,284,foo171,True,pass,178.63,7347,2
gpt-4o,285,foo173,True,pass,112.6,6781,2
gpt-4o,286,foo178,False,returncode_1,3.566030502319336,,
gpt-4o,287,foo179,False,returncode_1,3.9651129245758057,,
gpt-4o,288,foo180,False,returncode_1,3.8965911865234375,,
gpt-4o,289,foo181,False,returncode_1,3.4839396476745605,,
gpt-4o,290,foo182,False,returncode_1,3.514089584350586,,
gpt-4o,291,foo183,False,returncode_1,3.0953736305236816,,
gpt-4o,292,foo184,False,returncode_1,3.068610429763794,,
gpt-4o,293,foo185,False,returncode_1,3.1749510765075684,,
gpt-4o,294,foo186,False,returncode_1,2.8532471656799316,,
gpt-4o,295,foo187,False,returncode_1,3.2843854427337646,,
gpt-4o,296,foo188,False,returncode_1,3.067596673965454,,
gpt-4o,297,foo189,False,returncode_1,2.8631749153137207,,
gpt-4o,298,foo197,False,no_syntax,93.88,13447,3
gpt-4o,299,foo201,False,no_syntax,266.75,13630,3
gpt-4o,300,foo202,False,no_syntax,201.83,11839,3
gpt-4o,301,foo203,False,no_syntax,296.49,11805,3
gpt-4o,302,foo205,False,returncode_1,2.895646095275879,,
gpt-4o,303,foo206,False,returncode_1,3.5769569873809814,,
gpt-4o,304,foo207,False,returncode_1,3.032573699951172,,
gpt-4o,305,foo208,False,no_syntax,188.45,12730,3
gpt-4o,306,foo209,False,returncode_1,3.236234188079834,,
gpt-4o,307,foo210,True,pass,171.5,6901,2
gpt-4o,308,foo211,True,pass,187.62,6929,2
gpt-4o,309,foo212,True,pass,154.57,6924,2
gpt-4o,310,foo69,True,pass,164.84,11347,3
gpt-4o,311,foo111,False,no_syntax,111.83,13844,4
gpt-4o,312,foo112,True,pass,44.89,3499,1
gpt-4o,313,foo113,False,no_syntax,17.83,3554,1
gpt-4o,314,foo117,False,no_syntax,12.95,3529,1
gpt-4o,315,foo128,False,no_syntax,157.46,14213,4
gpt-4o,316,foo132,True,pass,177.54,10769,3
gpt-4o,317,foo133,False,no_syntax,135.01,11627,3
gpt-4o,318,foo134,True,pass,300.49,11393,3
gpt-4o,319,foo135,False,no_syntax,64.46,11795,3
gpt-4o,320,foo136,False,no_syntax,58.68,12085,3
gpt-4o,321,foo137,False,no_syntax,48.24,12476,3
gpt-4o,322,foo140,False,no_syntax,88.58,12042,3
gpt-4o,323,foo141,False,no_syntax,55.93,11228,3
gpt-4o,324,foo149,False,no_satisfy,228.2,16478,4
gpt-4o,325,foo150,True,pass,115.8,12384,3
gpt-4o,326,foo151,True,pass,109.18,12428,3
gpt-4o,327,foo156,True,pass,61.21,3047,1
gpt-4o,328,foo161,True,pass,174.15,12868,3
gpt-4o,329,foo162,True,pass,51.65,3029,1
gpt-4o,330,foo163,False,no_syntax,237.22,16732,4
gpt-4o,331,foo167,True,pass,67.89,7141,2
gpt-4o,332,foo168,True,pass,45.38,2824,1
gpt-4o,333,foo169,True,pass,74.64,7189,2
gpt-4o,334,foo172,False,no_syntax,203.76,16959,4
gpt-4o,335,foo174,False,no_syntax,252.93,11476,3
gpt-4o,336,foo175,True,pass,200.78,13447,4
gpt-4o,337,foo176,True,pass,144.05,8953,3
gpt-4o,338,foo177,False,no_syntax,129.46,13412,4
gpt-4o,339,foo190,False,no_syntax,98.48,11461,3
gpt-4o,340,foo191,False,no_syntax,85.98,11230,3
gpt-4o,341,foo192,False,no_syntax,58.11,11193,3
gpt-4o,342,foo193,False,no_syntax,221.72,11490,3
gpt-4o,343,foo194,False,no_syntax,111.07,11396,3
gpt-4o,344,foo195,False,no_syntax,65.12,12062,3
gpt-4o,345,foo196,False,no_syntax,123.97,10973,3
gpt-4o,346,foo198,True,pass,389.57,13197,4
gpt-4o,347,foo199,False,no_syntax,70.61,11325,3
gpt-4o,348,foo200,False,no_syntax,63.02,11498,3
gpt-4o,349,foo204,True,pass,95.57,6873,2
gpt-4o,350,foo213,False,no_syntax,8.24,2605,1
gpt-4o,351,foo214,False,no_syntax,9.87,2595,1
gpt-4o,352,foo215,False,no_syntax,105.8,11636,3
gpt-4o,353,foo216,False,no_syntax,21.09,9490,3
gpt-4o,354,foo217,False,no_syntax,36.08,9936,3
gpt-4o,355,foo218,False,no_syntax,159.52,11524,3
gpt-4o,356,foo223,False,no_syntax,18.84,10081,3
gpt-4o,357,foo224,True,pass,113.68,6886,2
gpt-4o,358,foo250,False,no_syntax,265.61,11137,3
gpt-4o,359,foo251,False,no_syntax,147.3,11135,3
gpt-4o,360,foo252,False,no_syntax,85.35,11048,3
gpt-4o,361,foo253,True,pass,38.17,2824,1
gpt-4o,362,foo254,False,no_syntax,95.72,11096,3
gpt-4o,363,foo255,True,pass,113.47,7048,2
gpt-4o,364,foo256,True,pass,2.82,0,0
gpt-4o,365,foo263,False,no_syntax,174.66,11163,3
gpt-4o,366,foo264,False,no_syntax,96.24,11145,3
gpt-4o,367,foo268,False,no_syntax,37.0,10651,3
gpt-4o,368,foo270,False,no_syntax,72.13,11106,3
gpt-4o,369,foo275,False,no_syntax,90.43,11574,3
gpt-4o,370,foo276,False,no_syntax,55.98,12104,3
gpt-4o,371,foo277,False,no_syntax,61.59,12304,3
gpt-4o,372,foo281,True,pass,118.16,6901,2
gpt-4o,373,foo282,True,pass,36.61,6738,2
gpt-4o,374,foo283,False,no_syntax,89.08,10640,3
gpt-4o,375,foo284,False,no_syntax,82.2,11252,3
gpt-4o,376,foo285,False,no_syntax,95.67,11370,3
gpt-4o,377,foo286,False,no_syntax,79.23,11172,3
gpt-4o,378,foo287,True,pass,164.49,6869,2
gpt-4o,379,foo288,True,pass,316.54,10814,3
gpt-4o,380,foo289,True,pass,84.52,6975,2
gpt-4o,381,foo290,False,no_syntax,55.87,11470,3
gpt-4o,382,foo292,False,no_syntax,42.44,11784,3
gpt-4o,383,foo294,True,pass,33.84,6726,2
gpt-4o,384,foo295,False,no_syntax,60.43,11058,3
gpt-4o,385,foo300,False,no_syntax,15.71,9628,3
gpt-4o,386,foo302,False,no_syntax,96.1,10553,3
gpt-4o,387,foo303,True,pass,74.68,3264,1
gpt-4o,388,foo304,True,pass,104.79,7585,2
gpt-4o,389,foo307,False,no_syntax,9.11,3706,1
gpt-4o,390,foo312,False,no_syntax,88.44,11547,3
gpt-4o,391,foo313,True,pass,199.56,6888,2
gpt-4o,392,foo315,False,no_syntax,98.24,10553,3
gpt-4o,393,foo316,True,pass,32.34,6697,2
gpt-4o,394,foo317,False,no_syntax,82.68,10530,3
gpt-4o,395,foo321,False,no_syntax,85.35,10709,3
gpt-4o,396,foo322,False,no_syntax,93.04,11090,3
gpt-4o,397,foo323,False,no_syntax,71.16,10958,3
gpt-4o,398,foo324,False,no_syntax,187.56,10797,3
gpt-4o,399,foo325,False,no_syntax,38.0,10788,3
gpt-5.4-mini,0,foo1,False,returncode_1,3.364807367324829,,
gpt-5.4-mini,1,foo2,False,returncode_1,3.097825050354004,,
gpt-5.4-mini,2,foo22,False,no_syntax,48.79,13157,3
gpt-5.4-mini,3,foo24,True,pass,82.22,13045,3
gpt-5.4-mini,4,foo25,False,no_syntax,13.57,10662,4
gpt-5.4-mini,5,foo27,True,pass,82.92,12855,3
gpt-5.4-mini,6,foo28,True,pass,89.99,13057,3
gpt-5.4-mini,7,foo29,True,pass,2.58,0,0
gpt-5.4-mini,8,foo32,False,no_syntax,84.63,13497,3
gpt-5.4-mini,9,foo36,False,returncode_1,9.756484031677246,,
gpt-5.4-mini,10,foo40,False,no_syntax,29.9,10739,4
gpt-5.4-mini,11,foo41,False,no_syntax,25.73,10872,4
gpt-5.4-mini,12,foo42,False,no_syntax,41.45,10765,3
gpt-5.4-mini,13,foo62,True,pass,1.66,0,0
gpt-5.4-mini,14,foo6,False,returncode_1,3.504910707473755,,
gpt-5.4-mini,15,foo7,False,no_syntax,48.82,13997,3
gpt-5.4-mini,16,foo8,True,pass,9.47,3917,1
gpt-5.4-mini,17,foo9,False,returncode_1,2.8849174976348877,,
gpt-5.4-mini,18,foo26,False,returncode_1,3.184337854385376,,
gpt-5.4-mini,19,foo33,False,returncode_1,3.768618106842041,,
gpt-5.4-mini,20,foo34,False,no_syntax,29.37,11785,3
gpt-5.4-mini,21,foo35,False,returncode_1,3.7075233459472656,,
gpt-5.4-mini,22,foo37,False,no_syntax,10.32,8015,2
gpt-5.4-mini,23,foo44,False,no_syntax,42.76,12362,3
gpt-5.4-mini,24,foo45,True,pass,83.51,7188,2
gpt-5.4-mini,25,foo47,True,pass,71.8,7268,2
gpt-5.4-mini,26,foo48,False,returncode_1,2.343120574951172,,
gpt-5.4-mini,27,foo49,False,returncode_1,2.5361688137054443,,
gpt-5.4-mini,28,foo54,False,no_syntax,15.89,11040,3
gpt-5.4-mini,29,foo60,False,returncode_1,2.396526336669922,,
gpt-5.4-mini,30,foo70,True,pass,6.12,3524,1
gpt-5.4-mini,31,foo3,False,returncode_1,3.2731828689575195,,
gpt-5.4-mini,32,foo4,False,returncode_1,3.2528486251831055,,
gpt-5.4-mini,33,foo5,True,pass,1.28,0,0
gpt-5.4-mini,34,foo10,True,pass,1.09,0,0
gpt-5.4-mini,35,foo39,True,pass,26.93,3355,1
gpt-5.4-mini,36,foo46,False,returncode_1,3.0421388149261475,,
gpt-5.4-mini,37,foo57,True,pass,12.06,6343,2
gpt-5.4-mini,38,foo112,True,pass,53.22,3504,1
gpt-5.4-mini,39,foo113,True,pass,38.7,3490,1
gpt-5.4-mini,40,foo114,True,pass,57.15,3501,1
gpt-5.4-mini,41,foo115,True,pass,35.9,3482,1
gpt-5.4-mini,42,foo117,True,pass,36.31,3485,1
gpt-5.4-mini,43,foo118,False,no_syntax,17.76,12216,3
gpt-5.4-mini,44,foo119,False,no_syntax,19.74,12014,3
gpt-5.4-mini,45,foo120,False,no_syntax,8.64,3567,1
gpt-5.4-mini,46,foo121,True,pass,34.43,3450,1
gpt-5.4-mini,47,foo122,False,no_syntax,4.7,2740,1
gpt-5.4-mini,48,foo124,False,no_valid,117.55,2711,1
gpt-5.4-mini,49,foo156,True,pass,75.01,3103,1
gpt-5.4-mini,50,foo162,True,pass,40.03,3074,1
gpt-5.4-mini,51,foo168,True,pass,63.79,2790,1
gpt-5.4-mini,52,foo169,True,pass,68.13,6586,2
gpt-5.4-mini,53,foo213,True,pass,33.62,2539,1
gpt-5.4-mini,54,foo214,False,no_syntax,6.83,2549,1
gpt-5.4-mini,55,foo219,True,pass,53.76,2622,1
gpt-5.4-mini,56,foo228,False,no_syntax,5.74,2606,1
gpt-5.4-mini,57,foo229,False,no_syntax,4.92,2608,1
gpt-5.4-mini,58,foo230,False,no_valid,55.26,2865,1
gpt-5.4-mini,59,foo231,True,pass,57.43,2764,1
gpt-5.4-mini,60,foo234,False,no_syntax,4.45,2875,1
gpt-5.4-mini,61,foo235,True,pass,37.5,2876,1
gpt-5.4-mini,62,foo236,False,no_syntax,4.8,2817,1
gpt-5.4-mini,63,foo241,True,pass,41.9,2734,1
gpt-5.4-mini,64,foo242,True,pass,61.46,2752,1
gpt-5.4-mini,65,foo253,True,pass,31.66,2714,1
gpt-5.4-mini,66,foo276,False,no_syntax,40.88,10422,3
gpt-5.4-mini,67,foo295,True,pass,57.55,6578,2
gpt-5.4-mini,68,foo301,True,pass,14.43,2813,1
gpt-5.4-mini,69,foo302,False,no_syntax,14.08,10811,3
gpt-5.4-mini,70,foo303,True,pass,59.13,3213,1
gpt-5.4-mini,71,foo304,False,no_syntax,53.14,10877,3
gpt-5.4-mini,72,foo306,False,no_syntax,11.1,3693,1
gpt-5.4-mini,73,foo307,True,pass,60.1,3649,1
gpt-5.4-mini,74,foo308,False,no_syntax,28.07,4120,1
gpt-5.4-mini,75,foo309,True,pass,111.54,3834,1
gpt-5.4-mini,76,foo356,False,no_syntax,8.01,2624,1
gpt-5.4-mini,77,foo357,False,no_syntax,6.4,2588,1
gpt-5.4-mini,78,foo358,True,pass,12.91,2588,1
gpt-5.4-mini,79,foo359,False,returncode_1,17.854284048080444,,
gpt-5.4-mini,80,foo360,False,returncode_1,21.46796989440918,,
gpt-5.4-mini,81,foo361,False,returncode_1,20.834704637527466,,
gpt-5.4-mini,82,foo388,False,returncode_1,18.017349004745483,,
gpt-5.4-mini,83,foo389,False,returncode_1,14.708322763442993,,
gpt-5.4-mini,84,foo391,False,no_satisfy,241.71,11262,3
gpt-5.4-mini,85,foo392,False,no_syntax,24.06,10713,3
gpt-5.4-mini,86,foo394,False,no_satisfy,154.71,10457,3
gpt-5.4-mini,87,foo395,False,no_satisfy,208.27,10741,3
gpt-5.4-mini,88,foo396,True,pass,123.04,6587,2
gpt-5.4-mini,89,foo397,False,no_syntax,109.43,10920,3
gpt-5.4-mini,90,foo398,False,no_syntax,126.58,10776,3
gpt-5.4-mini,91,foo7,True,pass,118.01,7956,2
gpt-5.4-mini,92,foo8,True,pass,9.86,3646,1
gpt-5.4-mini,93,foo9,False,returncode_1,3.2576184272766113,,
gpt-5.4-mini,94,foo10,True,pass,1.09,0,0
gpt-5.4-mini,95,foo12,True,pass,59.38,6460,2
gpt-5.4-mini,96,foo13,True,pass,10.7,0,0
gpt-5.4-mini,97,foo14,False,no_syntax,73.18,15255,4
gpt-5.4-mini,98,foo15,False,no_syntax,44.64,14500,4
gpt-5.4-mini,99,foo16,False,no_syntax,21.13,13762,4
gpt-5.4-mini,100,foo18,True,pass,4.95,3385,1
gpt-5.4-mini,101,foo20,False,no_syntax,16.06,12634,3
gpt-5.4-mini,102,foo21,False,no_syntax,33.83,12667,3
gpt-5.4-mini,103,foo23,False,no_syntax,19.74,13425,3
gpt-5.4-mini,104,foo24,False,no_syntax,20.66,13242,3
gpt-5.4-mini,105,foo26,False,returncode_1,1.8994300365447998,,
gpt-5.4-mini,106,foo27,False,no_syntax,73.76,12744,3
gpt-5.4-mini,107,foo28,False,no_syntax,46.79,14012,3
gpt-5.4-mini,108,foo29,True,pass,1.55,0,0
gpt-5.4-mini,109,foo30,True,pass,1.2,0,0
gpt-5.4-mini,110,foo31,False,no_syntax,24.41,11571,3
gpt-5.4-mini,111,foo34,False,no_syntax,15.78,11953,3
gpt-5.4-mini,112,foo35,False,returncode_1,3.058664083480835,,
gpt-5.4-mini,113,foo36,False,returncode_1,7.249778509140015,,
gpt-5.4-mini,114,foo37,False,no_syntax,8.63,7878,2
gpt-5.4-mini,115,foo38,False,no_syntax,15.21,12406,3
gpt-5.4-mini,116,foo39,True,pass,27.9,3525,1
gpt-5.4-mini,117,foo40,False,no_syntax,15.2,10734,4
gpt-5.4-mini,118,foo41,False,no_syntax,11.12,10919,4
gpt-5.4-mini,119,foo42,False,no_syntax,23.34,10652,3
gpt-5.4-mini,120,foo43,True,pass,58.86,7249,2
gpt-5.4-mini,121,foo44,False,no_syntax,49.46,11102,3
gpt-5.4-mini,122,foo45,True,pass,58.18,7087,2
gpt-5.4-mini,123,foo46,False,returncode_1,3.211937189102173,,
gpt-5.4-mini,124,foo47,True,pass,86.47,7449,2
gpt-5.4-mini,125,foo48,False,returncode_1,3.239271879196167,,
gpt-5.4-mini,126,foo49,False,returncode_1,3.9545254707336426,,
gpt-5.4-mini,127,foo50,False,returncode_1,4.299262046813965,,
gpt-5.4-mini,128,foo51,True,pass,2.51,0,0
gpt-5.4-mini,129,foo52,False,no_syntax,64.8,12373,3
gpt-5.4-mini,130,foo53,False,no_syntax,25.74,10347,3
gpt-5.4-mini,131,foo54,False,no_syntax,13.29,10936,3
gpt-5.4-mini,132,foo55,False,no_syntax,11.57,10764,3
gpt-5.4-mini,133,foo56,False,returncode_1,2.3463258743286133,,
gpt-5.4-mini,134,foo58,False,no_syntax,43.68,13277,4
gpt-5.4-mini,135,foo59,False,returncode_1,2.23181414604187,,
gpt-5.4-mini,136,foo60,False,returncode_1,2.0445268154144287,,
gpt-5.4-mini,137,foo62,True,pass,1.02,0,0
gpt-5.4-mini,138,foo63,True,pass,1.82,0,0
gpt-5.4-mini,139,foo64,False,no_syntax,50.04,13403,3
gpt-5.4-mini,140,foo65,True,pass,1.04,0,0
gpt-5.4-mini,141,foo66,True,pass,1.63,0,0
gpt-5.4-mini,142,foo67,False,no_syntax,15.94,12850,3
gpt-5.4-mini,143,foo68,False,no_syntax,17.43,12832,3
gpt-5.4-mini,144,foo69,False,no_syntax,13.82,10690,3
gpt-5.4-mini,145,foo70,True,pass,6.61,3525,1
gpt-5.4-mini,146,foo73,False,no_syntax,15.47,9902,3
gpt-5.4-mini,147,foo74,True,pass,53.51,6555,2
gpt-5.4-mini,148,foo77,True,pass,42.5,6327,2
gpt-5.4-mini,149,foo78,False,no_syntax,13.73,10334,3
gpt-5.4-mini,150,foo1,False,returncode_1,2.277961492538452,,
gpt-5.4-mini,151,foo2,False,returncode_1,2.0005080699920654,,
gpt-5.4-mini,152,foo3,False,returncode_1,2.1780104637145996,,
gpt-5.4-mini,153,foo4,False,returncode_1,2.025679111480713,,
gpt-5.4-mini,154,foo5,True,pass,0.81,0,0
gpt-5.4-mini,155,foo6,False,returncode_1,1.9409260749816895,,
gpt-5.4-mini,156,foo7,True,pass,68.66,14270,3
gpt-5.4-mini,157,foo8,True,pass,6.22,3624,1
gpt-5.4-mini,158,foo9,False,returncode_1,1.9487273693084717,,
gpt-5.4-mini,159,foo10,True,pass,0.78,0,0
gpt-5.4-mini,160,foo11,False,no_syntax,36.94,18295,4
gpt-5.4-mini,161,foo12,False,no_syntax,13.08,11158,3
gpt-5.4-mini,162,foo13,True,pass,6.56,0,0
gpt-5.4-mini,163,foo14,False,no_syntax,17.08,14131,4
gpt-5.4-mini,164,foo15,False,no_syntax,19.3,14212,4
gpt-5.4-mini,165,foo16,False,no_syntax,30.4,14337,4
gpt-5.4-mini,166,foo17,False,no_syntax,29.5,13904,4
gpt-5.4-mini,167,foo18,True,pass,21.36,3373,1
gpt-5.4-mini,168,foo19,False,no_syntax,20.05,12224,3
gpt-5.4-mini,169,foo20,False,no_syntax,30.58,12977,3
gpt-5.4-mini,170,foo21,False,no_syntax,27.84,11769,3
gpt-5.4-mini,171,foo22,True,pass,44.41,13042,3
gpt-5.4-mini,172,foo23,False,no_syntax,48.79,12941,3
gpt-5.4-mini,173,foo24,False,no_syntax,51.59,13103,3
gpt-5.4-mini,174,foo25,False,no_syntax,12.94,10761,4
gpt-5.4-mini,175,foo26,False,returncode_1,3.531531572341919,,
gpt-5.4-mini,176,foo27,False,no_syntax,71.83,13011,3
gpt-5.4-mini,177,foo28,False,no_syntax,27.2,13327,3
gpt-5.4-mini,178,foo32,False,no_syntax,18.71,13025,3
gpt-5.4-mini,179,foo34,False,no_syntax,27.27,12063,3
gpt-5.4-mini,180,foo35,False,returncode_1,3.0540225505828857,,
gpt-5.4-mini,181,foo36,False,returncode_1,2.894814968109131,,
gpt-5.4-mini,182,foo37,False,no_syntax,9.47,8052,2
gpt-5.4-mini,183,foo38,False,no_syntax,20.15,12767,3
gpt-5.4-mini,184,foo39,True,pass,29.84,3476,1
gpt-5.4-mini,185,foo40,False,no_syntax,14.09,10734,4
gpt-5.4-mini,186,foo44,False,no_syntax,35.25,11093,3
gpt-5.4-mini,187,foo45,True,pass,60.39,7312,2
gpt-5.4-mini,188,foo46,False,returncode_1,2.8850035667419434,,
gpt-5.4-mini,189,foo47,True,pass,65.24,7417,2
gpt-5.4-mini,190,foo48,False,returncode_1,3.02653431892395,,
gpt-5.4-mini,191,foo49,False,returncode_1,3.345982551574707,,
gpt-5.4-mini,192,foo50,False,returncode_1,3.654595375061035,,
gpt-5.4-mini,193,foo51,True,pass,2.08,0,0
gpt-5.4-mini,194,foo52,False,no_syntax,86.37,12445,3
gpt-5.4-mini,195,foo53,False,no_syntax,15.86,10367,3
gpt-5.4-mini,196,foo54,False,no_syntax,19.44,10958,3
gpt-5.4-mini,197,foo55,False,no_syntax,13.88,11023,3
gpt-5.4-mini,198,foo56,False,returncode_1,2.055746078491211,,
gpt-5.4-mini,199,foo57,True,pass,9.12,6343,2
gpt-5.4-mini,200,foo58,False,no_syntax,53.83,13403,4
gpt-5.4-mini,201,foo59,False,returncode_1,2.3731751441955566,,
gpt-5.4-mini,202,foo60,False,returncode_1,2.3593711853027344,,
gpt-5.4-mini,203,foo61,True,pass,110.36,7484,2
gpt-5.4-mini,204,foo62,True,pass,1.2,0,0
gpt-5.4-mini,205,foo63,True,pass,1.9,0,0
gpt-5.4-mini,206,foo64,False,no_syntax,45.27,12787,3
gpt-5.4-mini,207,foo65,True,pass,1.35,0,0
gpt-5.4-mini,208,foo66,True,pass,2.94,0,0
gpt-5.4-mini,209,foo67,False,no_syntax,28.4,12811,3
gpt-5.4-mini,210,foo68,False,no_syntax,16.96,12321,3
gpt-5.4-mini,211,foo70,True,pass,5.64,3529,1
gpt-5.4-mini,212,foo71,False,no_syntax,49.77,13691,3
gpt-5.4-mini,213,foo72,False,no_syntax,15.52,12792,3
gpt-5.4-mini,214,foo73,True,pass,52.87,6376,2
gpt-5.4-mini,215,foo74,True,pass,63.39,10114,3
gpt-5.4-mini,216,foo75,False,returncode_1,0.8963844776153564,,
gpt-5.4-mini,217,foo76,False,no_syntax,17.24,13597,3
gpt-5.4-mini,218,foo77,True,pass,53.55,6144,2
gpt-5.4-mini,219,foo78,True,pass,36.1,6612,2
gpt-5.4-mini,220,foo79,False,no_syntax,33.67,13313,3
gpt-5.4-mini,221,foo80,False,no_syntax,38.95,13962,4
gpt-5.4-mini,222,foo81,False,no_syntax,64.13,13611,4
gpt-5.4-mini,223,foo82,False,no_syntax,45.37,13916,4
gpt-5.4-mini,224,foo83,True,pass,91.03,6833,2
gpt-5.4-mini,225,foo84,False,no_syntax,34.84,11794,3
gpt-5.4-mini,226,foo85,False,no_syntax,29.84,11157,3
gpt-5.4-mini,227,foo86,False,returncode_1,2.493837356567383,,
gpt-5.4-mini,228,foo87,False,returncode_1,2.3415367603302,,
gpt-5.4-mini,229,foo88,False,returncode_1,2.8346543312072754,,
gpt-5.4-mini,230,foo89,False,no_syntax,113.57,13154,4
gpt-5.4-mini,231,foo90,False,no_syntax,43.99,13360,4
gpt-5.4-mini,232,foo91,False,no_syntax,88.0,13020,4
gpt-5.4-mini,233,foo92,True,pass,109.91,11758,3
gpt-5.4-mini,234,foo93,True,pass,88.41,6973,2
gpt-5.4-mini,235,foo94,False,no_syntax,63.09,11526,3
gpt-5.4-mini,236,foo95,False,no_syntax,24.66,14059,3
gpt-5.4-mini,237,foo96,False,no_syntax,19.24,13257,3
gpt-5.4-mini,238,foo97,False,no_syntax,42.64,13959,4
gpt-5.4-mini,239,foo98,False,no_syntax,36.57,11228,3
gpt-5.4-mini,240,foo99,False,returncode_1,3.457313060760498,,
gpt-5.4-mini,241,foo100,False,no_syntax,52.28,13803,4
gpt-5.4-mini,242,foo101,False,no_syntax,43.82,11771,3
gpt-5.4-mini,243,foo102,False,no_syntax,43.76,13604,4
gpt-5.4-mini,244,foo103,False,no_syntax,48.21,13492,4
gpt-5.4-mini,245,foo104,False,no_syntax,51.55,13878,4
gpt-5.4-mini,246,foo105,False,no_syntax,41.2,13519,4
gpt-5.4-mini,247,foo106,False,no_syntax,59.13,13694,4
gpt-5.4-mini,248,foo107,False,no_syntax,62.15,13336,4
gpt-5.4-mini,249,foo108,False,no_syntax,28.71,12615,3
gpt-5.4-mini,250,foo109,False,no_syntax,17.76,13120,3
gpt-5.4-mini,251,foo110,False,no_syntax,29.69,12914,3
gpt-5.4-mini,252,foo114,True,pass,35.24,3423,1
gpt-5.4-mini,253,foo115,True,pass,32.5,3535,1
gpt-5.4-mini,254,foo116,False,no_syntax,27.53,12575,3
gpt-5.4-mini,255,foo118,False,no_syntax,14.92,12410,3
gpt-5.4-mini,256,foo119,False,no_syntax,17.99,11989,3
gpt-5.4-mini,257,foo120,True,pass,43.81,3443,1
gpt-5.4-mini,258,foo121,True,pass,32.84,3487,1
gpt-5.4-mini,259,foo122,False,no_syntax,15.89,2794,1
gpt-5.4-mini,260,foo123,False,no_syntax,16.12,11910,3
gpt-5.4-mini,261,foo127,False,no_syntax,16.79,11981,3
gpt-5.4-mini,262,foo129,False,no_syntax,15.13,12198,3
gpt-5.4-mini,263,foo130,False,no_syntax,17.27,12613,3
gpt-5.4-mini,264,foo139,False,no_syntax,14.7,10914,3
gpt-5.4-mini,265,foo142,False,no_syntax,86.77,11572,3
gpt-5.4-mini,266,foo143,False,no_syntax,74.38,11290,3
gpt-5.4-mini,267,foo144,False,no_syntax,52.57,11212,3
gpt-5.4-mini,268,foo145,False,returncode_1,2.618314027786255,,
gpt-5.4-mini,269,foo146,False,returncode_1,2.9236249923706055,,
gpt-5.4-mini,270,foo147,False,returncode_1,3.7150275707244873,,
gpt-5.4-mini,271,foo148,False,no_syntax,63.72,11636,3
gpt-5.4-mini,272,foo152,False,no_syntax,15.31,11027,3
gpt-5.4-mini,273,foo153,False,no_syntax,53.12,13618,4
gpt-5.4-mini,274,foo154,False,no_syntax,42.24,11010,3
gpt-5.4-mini,275,foo155,False,no_syntax,61.84,14018,4
gpt-5.4-mini,276,foo157,False,returncode_1,4.567618131637573,,
gpt-5.4-mini,277,foo158,False,no_syntax,62.95,11382,3
gpt-5.4-mini,278,foo159,True,pass,57.11,6590,2
gpt-5.4-mini,279,foo160,False,no_syntax,15.77,11452,3
gpt-5.4-mini,280,foo164,False,no_syntax,17.17,10406,3
gpt-5.4-mini,281,foo165,True,pass,65.83,6487,2
gpt-5.4-mini,282,foo166,False,no_syntax,10.91,9669,3
gpt-5.4-mini,283,foo170,False,no_syntax,43.25,10790,3
gpt-5.4-mini,284,foo171,True,pass,76.75,11161,3
gpt-5.4-mini,285,foo173,False,no_syntax,36.69,10376,3
gpt-5.4-mini,286,foo178,False,returncode_1,3.4394044876098633,,
gpt-5.4-mini,287,foo179,False,returncode_1,3.6730761528015137,,
gpt-5.4-mini,288,foo180,False,returncode_1,3.8275387287139893,,
gpt-5.4-mini,289,foo181,False,returncode_1,3.4030601978302,,
gpt-5.4-mini,290,foo182,False,returncode_1,3.4440364837646484,,
gpt-5.4-mini,291,foo183,False,returncode_1,3.0216758251190186,,
gpt-5.4-mini,292,foo184,False,returncode_1,3.1036336421966553,,
gpt-5.4-mini,293,foo185,False,returncode_1,3.169116497039795,,
gpt-5.4-mini,294,foo186,False,returncode_1,2.7999749183654785,,
gpt-5.4-mini,295,foo187,False,returncode_1,3.227367401123047,,
gpt-5.4-mini,296,foo188,False,returncode_1,3.113720178604126,,
gpt-5.4-mini,297,foo189,False,returncode_1,2.7672014236450195,,
gpt-5.4-mini,298,foo197,False,no_syntax,17.75,13116,3
gpt-5.4-mini,299,foo201,False,no_syntax,27.97,11706,3
gpt-5.4-mini,300,foo202,False,no_syntax,15.8,12069,3
gpt-5.4-mini,301,foo203,False,no_syntax,17.12,12443,3
gpt-5.4-mini,302,foo205,False,returncode_1,3.1985299587249756,,
gpt-5.4-mini,303,foo206,False,returncode_1,3.535470485687256,,
gpt-5.4-mini,304,foo207,False,returncode_1,2.9634976387023926,,
gpt-5.4-mini,305,foo208,False,no_syntax,14.41,11966,3
gpt-5.4-mini,306,foo209,False,returncode_1,3.7118325233459473,,
gpt-5.4-mini,307,foo210,True,pass,80.17,6987,2
gpt-5.4-mini,308,foo211,True,pass,104.88,10948,3
gpt-5.4-mini,309,foo212,True,pass,85.12,7074,2
gpt-5.4-mini,310,foo69,False,no_syntax,17.12,11621,3
gpt-5.4-mini,311,foo111,False,no_syntax,45.15,13235,4
gpt-5.4-mini,312,foo112,True,pass,35.78,3478,1
gpt-5.4-mini,313,foo113,False,no_syntax,6.69,3246,1
gpt-5.4-mini,314,foo117,True,pass,54.45,3517,1
gpt-5.4-mini,315,foo128,False,no_syntax,35.68,12872,4
gpt-5.4-mini,316,foo132,False,no_syntax,13.15,10081,3
gpt-5.4-mini,317,foo133,False,no_syntax,16.63,10095,3
gpt-5.4-mini,318,foo134,False,no_syntax,9.92,10272,3
gpt-5.4-mini,319,foo135,False,no_syntax,12.34,11331,3
gpt-5.4-mini,320,foo136,False,no_syntax,12.63,11062,3
gpt-5.4-mini,321,foo137,False,no_syntax,12.94,11229,3
gpt-5.4-mini,322,foo140,False,no_syntax,56.42,10730,3
gpt-5.4-mini,323,foo141,False,no_syntax,10.56,10039,3
gpt-5.4-mini,324,foo149,False,no_syntax,62.0,15446,4
gpt-5.4-mini,325,foo150,False,no_syntax,40.87,16384,4
gpt-5.4-mini,326,foo151,False,no_syntax,14.44,16156,4
gpt-5.4-mini,327,foo156,False,no_syntax,5.1,3108,1
gpt-5.4-mini,328,foo161,False,no_syntax,109.56,16862,4
gpt-5.4-mini,329,foo162,False,no_syntax,5.37,2960,1
gpt-5.4-mini,330,foo163,False,no_syntax,62.45,16070,4
gpt-5.4-mini,331,foo167,False,no_syntax,37.48,10503,3
gpt-5.4-mini,332,foo168,True,pass,16.06,2796,1
gpt-5.4-mini,333,foo169,False,no_syntax,37.14,10581,3
gpt-5.4-mini,334,foo172,False,no_syntax,2622.74,16557,4
gpt-5.4-mini,335,foo174,False,no_syntax,36.46,10619,3
gpt-5.4-mini,336,foo175,False,no_syntax,144.05,12216,4
gpt-5.4-mini,337,foo176,True,pass,167.11,12293,4
gpt-5.4-mini,338,foo177,False,no_syntax,80.87,12341,4
gpt-5.4-mini,339,foo190,True,pass,56.53,6872,2
gpt-5.4-mini,340,foo191,True,pass,81.89,6680,2
gpt-5.4-mini,341,foo192,False,no_syntax,59.92,10311,3
gpt-5.4-mini,342,foo193,False,no_syntax,39.75,10908,3
gpt-5.4-mini,343,foo194,True,pass,65.91,6727,2
gpt-5.4-mini,344,foo195,False,no_syntax,15.24,11408,3
gpt-5.4-mini,345,foo196,True,pass,61.16,10199,3
gpt-5.4-mini,346,foo198,False,no_syntax,107.41,12481,4
gpt-5.4-mini,347,foo199,False,no_syntax,61.77,10408,3
gpt-5.4-mini,348,foo200,False,no_syntax,41.03,10698,3
gpt-5.4-mini,349,foo204,False,no_syntax,37.27,10587,3
gpt-5.4-mini,350,foo213,True,pass,34.75,2530,1
gpt-5.4-mini,351,foo214,False,no_valid,29.06,2541,1
gpt-5.4-mini,352,foo215,True,pass,61.0,10642,3
gpt-5.4-mini,353,foo216,True,pass,77.96,6680,2
gpt-5.4-mini,354,foo217,True,pass,82.13,10426,3
gpt-5.4-mini,355,foo218,True,pass,79.91,6498,2
gpt-5.4-mini,356,foo223,True,pass,62.82,10718,3
gpt-5.4-mini,357,foo224,True,pass,59.07,6723,2
gpt-5.4-mini,358,foo250,False,no_syntax,59.78,10562,3
gpt-5.4-mini,359,foo251,False,no_syntax,123.89,10650,3
gpt-5.4-mini,360,foo252,True,pass,67.81,10395,3
gpt-5.4-mini,361,foo253,True,pass,29.38,2731,1
gpt-5.4-mini,362,foo254,True,pass,60.74,6627,2
gpt-5.4-mini,363,foo255,True,pass,79.98,6695,2
gpt-5.4-mini,364,foo256,True,pass,3.06,0,0
gpt-5.4-mini,365,foo263,False,no_syntax,60.08,10398,3
gpt-5.4-mini,366,foo264,True,pass,58.28,6492,2
gpt-5.4-mini,367,foo268,True,pass,36.67,10286,3
gpt-5.4-mini,368,foo270,False,no_syntax,35.47,10309,3
gpt-5.4-mini,369,foo275,True,pass,58.55,10553,3
gpt-5.4-mini,370,foo276,False,no_syntax,13.54,10720,3
gpt-5.4-mini,371,foo277,False,no_syntax,35.52,10520,3
gpt-5.4-mini,372,foo281,False,no_syntax,32.97,10062,3
gpt-5.4-mini,373,foo282,True,pass,36.45,6427,2
gpt-5.4-mini,374,foo283,True,pass,63.97,6330,2
gpt-5.4-mini,375,foo284,True,pass,56.94,6532,2
gpt-5.4-mini,376,foo285,False,no_syntax,37.04,10340,3
gpt-5.4-mini,377,foo286,True,pass,36.93,6473,2
gpt-5.4-mini,378,foo287,False,no_syntax,58.93,10181,3
gpt-5.4-mini,379,foo288,False,no_syntax,37.68,10313,3
gpt-5.4-mini,380,foo289,False,no_syntax,33.91,9986,3
gpt-5.4-mini,381,foo290,False,no_syntax,39.21,10495,3
gpt-5.4-mini,382,foo292,True,pass,56.92,6528,2
gpt-5.4-mini,383,foo294,False,no_syntax,40.12,9961,3
gpt-5.4-mini,384,foo295,True,pass,55.45,6507,2
gpt-5.4-mini,385,foo300,True,pass,32.79,6414,2
gpt-5.4-mini,386,foo302,False,no_syntax,39.23,10680,3
gpt-5.4-mini,387,foo303,True,pass,56.53,3196,1
gpt-5.4-mini,388,foo304,True,pass,80.51,10471,3
gpt-5.4-mini,389,foo307,True,pass,31.61,3513,1
gpt-5.4-mini,390,foo312,True,pass,33.33,6340,2
gpt-5.4-mini,391,foo313,False,no_syntax,35.62,10074,3
gpt-5.4-mini,392,foo315,True,pass,36.96,10071,3
gpt-5.4-mini,393,foo316,False,no_syntax,57.56,10234,3
gpt-5.4-mini,394,foo317,False,no_syntax,33.87,10062,3
gpt-5.4-mini,395,foo321,False,no_syntax,12.29,10579,3
gpt-5.4-mini,396,foo322,False,no_syntax,11.92,10255,3
gpt-5.4-mini,397,foo323,False,no_syntax,12.86,10345,3
gpt-5.4-mini,398,foo324,True,pass,57.63,6350,2
gpt-5.4-mini,399,foo325,True,pass,31.45,6401,2
gpt-5-mini,0,foo1_c0,True,pass,7.29,0,0
gpt-5-mini,1,foo2_c1,True,pass,6.91,0,0
gpt-5-mini,2,foo22_c2,True,pass,6.91,0,0
gpt-5-mini,3,foo24_c3,True,pass,6.71,0,0
gpt-5-mini,4,foo25,True,pass,48.51,1336,1
gpt-5-mini,5,foo27_c5,True,pass,7.34,0,0
gpt-5-mini,6,foo28_c6,False,returncode_1,13.79741096496582,0,0
gpt-5-mini,7,foo29,True,pass,2.4,0,0
gpt-5-mini,8,foo32_c8,True,pass,25.11,0,0
gpt-5-mini,9,foo36_c9,False,no_valid,125.48,0,0
gpt-5-mini,10,foo40,True,pass,27.43,0,0
gpt-5-mini,11,foo41,True,pass,27.13,0,0
gpt-5-mini,12,foo42,True,pass,92.46,6768,2
gpt-5-mini,13,foo62,True,pass,1.77,0,0
gpt-5-mini,14,foo6_c14,True,pass,8.9,0,0
gpt-5-mini,15,foo7_c15,True,pass,4.7,0,0
gpt-5-mini,16,foo8_c16,True,pass,4.79,0,0
gpt-5-mini,17,foo9_c17,True,pass,8.92,0,0
gpt-5-mini,18,foo26_c18,False,returncode_1,9.008448362350464,0,0
gpt-5-mini,19,foo33_c19,False,no_syntax,10.99,0,0
gpt-5-mini,20,foo34_c20,False,returncode_1,2.003429889678955,0,0
gpt-5-mini,21,foo35_c21,False,returncode_1,2.673567056655884,0,0
gpt-5-mini,22,foo37_c22,True,pass,4.49,0,0
gpt-5-mini,23,foo44_c23,False,returncode_1,2.078192949295044,0,0
gpt-5-mini,24,foo45_c24,False,no_syntax,1.67,0,0
gpt-5-mini,25,foo47_c25,False,no_syntax,1.75,0,0
gpt-5-mini,26,foo48_c26,False,no_syntax,0.7,0,0
gpt-5-mini,27,foo49_c27,False,no_syntax,1.07,0,0
gpt-5-mini,28,foo54_c28,False,no_syntax,0.85,0,0
gpt-5-mini,29,foo60_c29,True,pass,8.21,0,0
gpt-5-mini,30,foo70_c30,True,pass,4.71,0,0
gpt-5-mini,31,foo3_c31,True,pass,2.04,0,0
gpt-5-mini,32,foo4_c32,True,pass,4.9,0,0
gpt-5-mini,33,foo5_c33,True,pass,12.85,0,0
gpt-5-mini,34,foo10_c34,True,pass,91.57,4085,1
gpt-5-mini,35,foo39_c35,True,pass,85.63,3726,1
gpt-5-mini,36,foo46_c36,False,no_valid,119.28,0,0
gpt-5-mini,37,foo57_c37,True,pass,99.82,9996,3
gpt-5-mini,38,foo112_c38,False,returncode_1,18.901529788970947,0,0
gpt-5-mini,39,foo113_c39,False,returncode_1,10.330807447433472,0,0
gpt-5-mini,40,foo114_c40,False,returncode_1,9.270308494567871,0,0
gpt-5-mini,41,foo115_c41,False,returncode_1,10.032586336135864,0,0
gpt-5-mini,42,foo117_c42,True,pass,142.35,19318,3
gpt-5-mini,43,foo118_c43,False,returncode_1,9.149742603302002,0,0
gpt-5-mini,44,foo119_c44,True,pass,184.93,19708,3
gpt-5-mini,45,foo120_c45,False,returncode_1,10.586499452590942,0,0
gpt-5-mini,46,foo121_c46,False,returncode_1,13.516247510910034,0,0
gpt-5-mini,47,foo122_c47,True,pass,76.12,15806,3
gpt-5-mini,48,foo124_c48,False,returncode_1,9.882911205291748,0,0
gpt-5-mini,49,foo156_c49,True,pass,88.06,17522,3
gpt-5-mini,50,foo162_c50,True,pass,100.98,17657,3
gpt-5-mini,51,foo168_c51,True,pass,136.74,15988,3
gpt-5-mini,52,foo169_c52,False,returncode_1,10.19618010520935,0,0
gpt-5-mini,53,foo213_c53,True,pass,101.67,14050,3
gpt-5-mini,54,foo214_c54,False,returncode_1,10.013242483139038,0,0
gpt-5-mini,55,foo219_c55,False,returncode_1,10.1996910572052,0,0
gpt-5-mini,56,foo228_c56,False,returncode_1,14.41429090499878,0,0
gpt-5-mini,57,foo229_c57,True,pass,97.02,16715,3
gpt-5-mini,58,foo230_c58,False,returncode_1,9.639321088790894,0,0
gpt-5-mini,59,foo231_c59,True,pass,79.88,15002,3
gpt-5-mini,60,foo234_c60,False,returncode_1,9.224268674850464,0,0
gpt-5-mini,61,foo235_c61,True,pass,89.78,17100,3
gpt-5-mini,62,foo236_c62,False,returncode_1,9.419103145599365,0,0
gpt-5-mini,63,foo241_c63,False,returncode_1,10.139897108078003,0,0
gpt-5-mini,64,foo242_c64,False,returncode_1,9.549035787582397,0,0
gpt-5-mini,65,foo253_c65,True,pass,109.66,15446,3
gpt-5-mini,66,foo276_c66,True,pass,88.68,15241,3
gpt-5-mini,67,foo295_c67,False,returncode_1,10.29785704612732,0,0
gpt-5-mini,68,foo301_c68,False,returncode_1,9.53299069404602,0,0
gpt-5-mini,69,foo302_c69,True,pass,124.46,16857,3
gpt-5-mini,70,foo303_c70,False,returncode_1,14.234583377838135,0,0
gpt-5-mini,71,foo304_c71,True,pass,214.72,18653,3
gpt-5-mini,72,foo306_c72,True,pass,321.31,18704,3
gpt-5-mini,73,foo307_c73,True,pass,686.95,19648,3
gpt-5-mini,74,foo308_c74,True,pass,935.94,20950,3
gpt-5-mini,75,foo309_c75,False,returncode_1,10.289169073104858,0,0
gpt-5-mini,76,foo356_c76,False,returncode_1,11.04429578781128,0,0
gpt-5-mini,77,foo357_c77,False,returncode_1,14.977937459945679,0,0
gpt-5-mini,78,foo358_c78,False,returncode_1,9.028048038482666,0,0
gpt-5-mini,79,foo359_c79,False,returncode_1,9.732998132705688,0,0
gpt-5-mini,80,foo360_c80,False,returncode_1,11.150659084320068,0,0
gpt-5-mini,81,foo361_c81,False,returncode_1,10.264430046081543,0,0
gpt-5-mini,82,foo388_c82,False,returncode_1,9.854301452636719,0,0
gpt-5-mini,83,foo389_c83,False,returncode_1,10.279438972473145,0,0
gpt-5-mini,84,foo391_c84,False,returncode_1,10.031227827072144,0,0
gpt-5-mini,85,foo392_c85,False,returncode_1,11.050240516662598,0,0
gpt-5-mini,86,foo394_c86,False,returncode_1,10.97791600227356,0,0
gpt-5-mini,87,foo395_c87,False,returncode_1,9.212180376052856,0,0
gpt-5-mini,88,foo396_c88,True,pass,154.15,15526,3
gpt-5-mini,89,foo397_c89,False,returncode_1,10.158069610595703,0,0
gpt-5-mini,90,foo398_c90,False,returncode_1,10.43076777458191,0,0
gpt-5-mini,91,foo7_c91,False,returncode_1,13.961732864379883,0,0
gpt-5-mini,92,foo8_c92,True,pass,23.26,3827,1
gpt-5-mini,93,foo9_c93,True,pass,5.05,0,0
gpt-5-mini,94,foo10_c94,True,pass,5.25,0,0
gpt-5-mini,95,foo12_c95,True,pass,255.86,17906,4
gpt-5-mini,96,foo13_c96,True,pass,66.45,0,0
gpt-5-mini,97,foo14_c97,True,pass,68.97,0,0
gpt-5-mini,98,foo15_c98,True,pass,63.48,0,0
gpt-5-mini,99,foo16_c99,True,pass,63.58,0,0
gpt-5-mini,100,foo18_c100,True,pass,68.48,3415,1
gpt-5-mini,101,foo20_c101,False,returncode_1,14.007683277130127,0,0
gpt-5-mini,102,foo21_c102,False,returncode_1,4.5501909255981445,0,0
gpt-5-mini,103,foo23_c103,True,pass,12.31,0,0
gpt-5-mini,104,foo24_c104,False,returncode_1,14.205006837844849,0,0
gpt-5-mini,105,foo26_c105,False,returncode_1,8.929442167282104,0,0
gpt-5-mini,106,foo27_c106,False,returncode_1,9.824767112731934,0,0
gpt-5-mini,107,foo28_c107,False,returncode_1,15.558675289154053,0,0
gpt-5-mini,108,foo29_c108,True,pass,15.51,0,0
gpt-5-mini,109,foo30_c109,True,pass,12.1,0,0
gpt-5-mini,110,foo31_c110,False,returncode_1,10.831154108047485,0,0
gpt-5-mini,111,foo34_c111,True,pass,205.21,20479,4
gpt-5-mini,112,foo35_c112,False,returncode_1,1.716951608657837,0,0
gpt-5-mini,113,foo36_c113,False,returncode_1,10.278672218322754,0,0
gpt-5-mini,114,foo37_c114,False,no_syntax,10.96,0,0
gpt-5-mini,115,foo38_c115,True,pass,12.42,0,0
gpt-5-mini,116,foo39_c116,True,pass,25.24,0,0
gpt-5-mini,117,foo40_c117,True,pass,14.77,0,0
gpt-5-mini,118,foo41_c118,True,pass,25.67,0,0
gpt-5-mini,119,foo42_c119,True,pass,258.32,17853,4
gpt-5-mini,120,foo43_c120,False,returncode_1,9.491233348846436,0,0
gpt-5-mini,121,foo44_c121,False,returncode_1,9.307636976242065,0,0
gpt-5-mini,122,foo45_c122,False,returncode_1,1.926605463027954,0,0
gpt-5-mini,123,foo46_c123,False,returncode_1,1.5041956901550293,0,0
gpt-5-mini,124,foo47_c124,False,returncode_1,1.3248193264007568,0,0
gpt-5-mini,125,foo48_c125,False,returncode_1,1.750215768814087,0,0
gpt-5-mini,126,foo49_c126,False,returncode_1,1.2451534271240234,0,0
gpt-5-mini,127,foo50_c127,False,returncode_1,10.087002992630005,0,0
gpt-5-mini,128,foo51_c128,True,pass,12.6,0,0
gpt-5-mini,129,foo52_c129,True,pass,13.24,0,0
gpt-5-mini,130,foo53_c130,False,returncode_1,9.928203105926514,0,0
gpt-5-mini,131,foo54_c131,False,returncode_1,9.734645366668701,0,0
gpt-5-mini,132,foo55_c132,False,returncode_1,19.11712908744812,0,0
gpt-5-mini,133,foo56_c133,False,no_syntax,11.53,0,0
gpt-5-mini,134,foo58_c134,False,returncode_1,4.839193344116211,0,0
gpt-5-mini,135,foo59_c135,True,pass,4.18,0,0
gpt-5-mini,136,foo60_c136,False,returncode_1,11.078096389770508,0,0
gpt-5-mini,137,foo62_c137,True,pass,9.95,0,0
gpt-5-mini,138,foo63_c138,True,pass,14.03,0,0
gpt-5-mini,139,foo64_c139,True,pass,16.54,0,0
gpt-5-mini,140,foo65_c140,True,pass,5.22,0,0
gpt-5-mini,141,foo66_c141,True,pass,14.4,0,0
gpt-5-mini,142,foo67_c142,True,pass,29.73,0,0
gpt-5-mini,143,foo68_c143,True,pass,28.96,0,0
gpt-5-mini,144,foo69_c144,True,pass,26.36,0,0
gpt-5-mini,145,foo70_c145,True,pass,31.49,3605,1
gpt-5-mini,146,foo73_c146,False,returncode_1,9.110127925872803,0,0
gpt-5-mini,147,foo74_c147,False,returncode_1,10.472872257232666,0,0
gpt-5-mini,148,foo77_c148,False,returncode_1,10.721949338912964,0,0
gpt-5-mini,149,foo78_c149,True,pass,207.75,19417,4
gpt-5-mini,150,foo1_c150,False,returncode_1,10.23297643661499,0,0
gpt-5-mini,151,foo2_c151,False,returncode_1,9.244050741195679,0,0
gpt-5-mini,152,foo3_c152,False,returncode_1,10.412369012832642,0,0
gpt-5-mini,153,foo4_c153,False,returncode_1,9.562854051589966,0,0
gpt-5-mini,154,foo5_c154,False,returncode_1,14.71912932395935,0,0
gpt-5-mini,155,foo6_c155,False,returncode_1,9.888628244400024,0,0
gpt-5-mini,156,foo7_c156,False,returncode_1,11.32695484161377,0,0
gpt-5-mini,157,foo8_c157,False,returncode_1,10.551396131515503,0,0
gpt-5-mini,158,foo9_c158,False,returncode_1,10.512769937515259,0,0
gpt-5-mini,159,foo10_c159,False,returncode_1,10.386160612106323,0,0
gpt-5-mini,160,foo11_c160,False,returncode_1,9.466327428817749,0,0
gpt-5-mini,161,foo12_c161,False,returncode_1,10.106274127960205,0,0
gpt-5-mini,162,foo13_c162,False,returncode_1,9.672774076461792,0,0
gpt-5-mini,163,foo14_c163,False,returncode_1,4.221287727355957,0,0
gpt-5-mini,164,foo15_c164,False,returncode_1,8.357210159301758,0,0
gpt-5-mini,165,foo16_c165,False,returncode_1,4.54539942741394,0,0
gpt-5-mini,166,foo17_c166,False,returncode_1,3.9381844997406006,0,0
gpt-5-mini,167,foo18_c167,False,returncode_1,15.614989042282104,0,0
gpt-5-mini,168,foo19_c168,False,returncode_1,12.267942905426025,0,0
gpt-5-mini,169,foo20_c169,False,returncode_1,10.330217599868774,0,0
gpt-5-mini,170,foo21_c170,False,returncode_1,10.121322631835938,0,0
gpt-5-mini,171,foo22_c171,False,returncode_1,9.609626293182373,0,0
gpt-5-mini,172,foo23_c172,False,returncode_1,11.08527946472168,0,0
gpt-5-mini,173,foo24_c173,False,returncode_1,11.364204406738281,0,0
gpt-5-mini,174,foo25_c174,False,returncode_1,10.588762521743774,0,0
gpt-5-mini,175,foo26_c175,False,returncode_1,12.058908939361572,0,0
gpt-5-mini,176,foo27_c176,True,pass,179.87,24002,4
gpt-5-mini,177,foo28_c177,False,returncode_1,11.042392253875732,0,0
gpt-5-mini,178,foo32_c178,False,returncode_1,13.694211721420288,0,0
gpt-5-mini,179,foo34_c179,False,returncode_1,9.953715085983276,0,0
gpt-5-mini,180,foo35_c180,False,returncode_1,15.832818746566772,0,0
gpt-5-mini,181,foo36_c181,False,returncode_1,10.770734071731567,0,0
gpt-5-mini,182,foo37_c182,True,pass,274.25,23662,4
gpt-5-mini,183,foo38_c183,False,returncode_1,10.01795768737793,0,0
gpt-5-mini,184,foo39_c184,False,returncode_1,3.7974319458007812,0,0
gpt-5-mini,185,foo40_c185,False,returncode_1,14.846917390823364,0,0
gpt-5-mini,186,foo44_c186,True,pass,417.17,22390,4
gpt-5-mini,187,foo45_c187,False,returncode_1,10.485895872116089,0,0
gpt-5-mini,188,foo46_c188,False,returncode_1,11.117717742919922,0,0
gpt-5-mini,189,foo47_c189,False,returncode_1,10.994767665863037,0,0
gpt-5-mini,190,foo48_c190,False,returncode_1,12.324243068695068,0,0
gpt-5-mini,191,foo49_c191,False,returncode_1,9.909075021743774,0,0
gpt-5-mini,192,foo50_c192,False,returncode_1,11.657120943069458,0,0
gpt-5-mini,193,foo51_c193,False,returncode_1,11.459053754806519,0,0
gpt-5-mini,194,foo52_c194,False,returncode_1,11.228219985961914,0,0
gpt-5-mini,195,foo53_c195,False,returncode_1,11.235386371612549,0,0
gpt-5-mini,196,foo54_c196,False,returncode_1,10.6806161403656,0,0
gpt-5-mini,197,foo55_c197,False,returncode_1,5.1816182136535645,0,0
gpt-5-mini,198,foo56_c198,False,returncode_1,4.432229042053223,0,0
gpt-5-mini,199,foo57_c199,False,returncode_1,3.8810901641845703,0,0
gpt-5-mini,200,foo58_c200,False,returncode_1,15.984575986862183,0,0
gpt-5-mini,201,foo59_c201,False,returncode_1,14.637046575546265,0,0
gpt-5-mini,202,foo60_c202,False,returncode_1,10.326236248016357,0,0
gpt-5-mini,203,foo61_c203,True,pass,237.37,21875,4
gpt-5-mini,204,foo62_c204,False,returncode_1,9.269360065460205,0,0
gpt-5-mini,205,foo63_c205,False,returncode_1,11.526356220245361,0,0
gpt-5-mini,206,foo64_c206,False,returncode_1,8.982788562774658,0,0
gpt-5-mini,207,foo65_c207,False,returncode_1,10.32386064529419,0,0
gpt-5-mini,208,foo66_c208,False,returncode_1,14.784708738327026,0,0
gpt-5-mini,209,foo67_c209,False,returncode_1,9.083035230636597,0,0
gpt-5-mini,210,foo68_c210,False,returncode_1,10.612382888793945,0,0
gpt-5-mini,211,foo70_c211,True,pass,209.63,23502,4
gpt-5-mini,212,foo71_c212,False,returncode_1,11.312116622924805,0,0
gpt-5-mini,213,foo72_c213,False,returncode_1,9.042754888534546,0,0
gpt-5-mini,214,foo73_c214,False,returncode_1,3.899461269378662,0,0
gpt-5-mini,215,foo74_c215,False,returncode_1,11.452089786529541,0,0
gpt-5-mini,216,foo75_c216,False,returncode_1,0.9022567272186279,0,0
gpt-5-mini,217,foo76_c217,False,returncode_1,9.816710233688354,0,0
gpt-5-mini,218,foo77_c218,False,returncode_1,15.825432777404785,0,0
gpt-5-mini,219,foo78_c219,False,returncode_1,10.651423215866089,0,0
gpt-5-mini,220,foo79_c220,False,returncode_1,11.304961681365967,0,0
gpt-5-mini,221,foo80_c221,False,returncode_1,5.003154754638672,0,0
gpt-5-mini,222,foo81_c222,False,returncode_1,5.57658576965332,0,0
gpt-5-mini,223,foo82_c223,False,returncode_1,3.6877810955047607,0,0
gpt-5-mini,224,foo83_c224,False,returncode_1,10.15415358543396,0,0
gpt-5-mini,225,foo84_c225,False,returncode_1,9.940645456314087,0,0
gpt-5-mini,226,foo85_c226,False,returncode_1,10.101430416107178,0,0
gpt-5-mini,227,foo86_c227,False,returncode_1,4.799616098403931,0,0
gpt-5-mini,228,foo87_c228,False,returncode_1,4.187103986740112,0,0
gpt-5-mini,229,foo88_c229,False,returncode_1,4.737622261047363,0,0
gpt-5-mini,230,foo89_c230,False,returncode_1,4.502933740615845,0,0
gpt-5-mini,231,foo90_c231,False,returncode_1,4.758255481719971,0,0
gpt-5-mini,232,foo91_c232,False,returncode_1,3.8100032806396484,0,0
gpt-5-mini,233,foo92_c233,False,returncode_1,14.088619232177734,0,0
gpt-5-mini,234,foo93_c234,False,returncode_1,15.628416061401367,0,0
gpt-5-mini,235,foo94_c235,True,pass,182.52,21701,4
gpt-5-mini,236,foo95_c236,False,returncode_1,13.622573614120483,0,0
gpt-5-mini,237,foo96_c237,False,returncode_1,8.91224718093872,0,0
gpt-5-mini,238,foo97_c238,False,returncode_1,3.5443947315216064,0,0
gpt-5-mini,239,foo98_c239,False,returncode_1,10.534619808197021,0,0
gpt-5-mini,240,foo99_c240,False,returncode_1,5.191240310668945,0,0
gpt-5-mini,241,foo100_c241,False,returncode_1,5.302750110626221,0,0
gpt-5-mini,242,foo101_c242,False,returncode_1,16.12732195854187,0,0
gpt-5-mini,243,foo102_c243,False,returncode_1,5.028309345245361,0,0
gpt-5-mini,244,foo103_c244,False,returncode_1,5.0585432052612305,0,0
gpt-5-mini,245,foo104_c245,False,returncode_1,4.151416301727295,0,0
gpt-5-mini,246,foo105_c246,False,returncode_1,4.434371471405029,0,0
gpt-5-mini,247,foo106_c247,False,returncode_1,4.295763969421387,0,0
gpt-5-mini,248,foo107_c248,False,returncode_1,5.172526836395264,0,0
gpt-5-mini,249,foo108_c249,False,returncode_1,15.55954384803772,0,0
gpt-5-mini,250,foo109_c250,False,returncode_1,9.018162250518799,0,0
gpt-5-mini,251,foo110_c251,False,returncode_1,11.29914402961731,0,0
gpt-5-mini,252,foo114_c252,False,returncode_1,4.752255439758301,0,0
gpt-5-mini,253,foo115_c253,False,returncode_1,4.415025949478149,0,0
gpt-5-mini,254,foo116_c254,True,pass,146.55,27818,5
gpt-5-mini,255,foo118_c255,False,returncode_1,10.06380558013916,0,0
gpt-5-mini,256,foo119_c256,False,returncode_1,10.7922523021698,0,0
gpt-5-mini,257,foo120_c257,True,pass,157.46,21927,4
gpt-5-mini,258,foo121_c258,False,returncode_1,10.563849449157715,0,0
gpt-5-mini,259,foo122_c259,False,returncode_1,14.132739305496216,0,0
gpt-5-mini,260,foo123_c260,False,returncode_1,11.44742488861084,0,0
gpt-5-mini,261,foo127_c261,False,returncode_1,11.096762418746948,0,0
gpt-5-mini,262,foo129_c262,False,returncode_1,9.384740591049194,0,0
gpt-5-mini,263,foo130_c263,False,returncode_1,9.96086072921753,0,0
gpt-5-mini,264,foo139_c264,True,pass,181.1,18431,4
gpt-5-mini,265,foo142_c265,True,pass,185.08,21702,4
gpt-5-mini,266,foo143_c266,True,pass,180.68,25310,5
gpt-5-mini,267,foo144_c267,False,returncode_1,10.193122148513794,0,0
gpt-5-mini,268,foo145_c268,False,returncode_1,9.898351907730103,0,0
gpt-5-mini,269,foo146_c269,False,returncode_1,13.940450668334961,0,0
gpt-5-mini,270,foo147_c270,False,returncode_1,11.120442628860474,0,0
gpt-5-mini,271,foo148_c271,False,returncode_1,11.150807619094849,0,0
gpt-5-mini,272,foo152_c272,False,returncode_1,10.612411975860596,0,0
gpt-5-mini,273,foo153_c273,False,returncode_1,4.7435219287872314,0,0
gpt-5-mini,274,foo154_c274,True,pass,112.33,19189,4
gpt-5-mini,275,foo155_c275,False,returncode_1,3.466970205307007,0,0
gpt-5-mini,276,foo157_c276,False,returncode_1,14.715485572814941,0,0
gpt-5-mini,277,foo158_c277,False,returncode_1,9.504360914230347,0,0
gpt-5-mini,278,foo159_c278,False,returncode_1,9.361233472824097,0,0
gpt-5-mini,279,foo160_c279,False,returncode_1,9.759254932403564,0,0
gpt-5-mini,280,foo164_c280,False,returncode_1,10.04077672958374,0,0
gpt-5-mini,281,foo165_c281,False,returncode_1,9.007416009902954,0,0
gpt-5-mini,282,foo166_c282,False,returncode_1,10.315333604812622,0,0
gpt-5-mini,283,foo170_c283,False,returncode_1,10.063632488250732,0,0
gpt-5-mini,284,foo171_c284,False,returncode_1,10.137426853179932,0,0
gpt-5-mini,285,foo173_c285,False,returncode_1,10.178196430206299,0,0
gpt-5-mini,286,foo178_c286,False,returncode_1,9.465659141540527,0,0
gpt-5-mini,287,foo179_c287,False,returncode_1,9.240766286849976,0,0
gpt-5-mini,288,foo180_c288,False,returncode_1,10.693772792816162,0,0
gpt-5-mini,289,foo181_c289,False,returncode_1,9.521070003509521,0,0
gpt-5-mini,290,foo182_c290,False,returncode_1,10.901211500167847,0,0
gpt-5-mini,291,foo183_c291,False,returncode_1,14.932037830352783,0,0
gpt-5-mini,292,foo184_c292,False,returncode_1,15.122246026992798,0,0
gpt-5-mini,293,foo185_c293,False,returncode_1,10.497325420379639,0,0
gpt-5-mini,294,foo186_c294,False,returncode_1,9.52131175994873,0,0
gpt-5-mini,295,foo187_c295,False,returncode_1,15.623178243637085,0,0
gpt-5-mini,296,foo188_c296,False,returncode_1,10.645785570144653,0,0
gpt-5-mini,297,foo189_c297,False,returncode_1,9.34547472000122,0,0
gpt-5-mini,298,foo197_c298,False,returncode_1,15.070915699005127,0,0
gpt-5-mini,299,foo201_c299,False,returncode_1,15.215643405914307,0,0
gpt-5-mini,300,foo202_c300,False,returncode_1,8.710350513458252,0,0
gpt-5-mini,301,foo203_c301,False,returncode_1,9.425638914108276,0,0
gpt-5-mini,302,foo205_c302,False,returncode_1,9.285057306289673,0,0
gpt-5-mini,303,foo206_c303,False,returncode_1,9.865399360656738,0,0
gpt-5-mini,304,foo207_c304,False,returncode_1,9.630549907684326,0,0
gpt-5-mini,305,foo208_c305,False,returncode_1,10.409115314483643,0,0
gpt-5-mini,306,foo209_c306,False,returncode_1,10.175345659255981,0,0
gpt-5-mini,307,foo210_c307,True,pass,250.02,19362,4
gpt-5-mini,308,foo211_c308,False,returncode_1,11.325152397155762,0,0
gpt-5-mini,309,foo212_c309,False,returncode_1,10.697489500045776,0,0
gpt-5-mini,310,foo69_c310,False,returncode_1,10.039770603179932,0,0
gpt-5-mini,311,foo111_c311,False,returncode_1,4.314682960510254,0,0
gpt-5-mini,312,foo112_c312,False,returncode_1,4.661202430725098,0,0
gpt-5-mini,313,foo113_c313,False,returncode_1,5.165092706680298,0,0
gpt-5-mini,314,foo117_c314,False,returncode_1,4.463429927825928,0,0
gpt-5-mini,315,foo128_c315,False,returncode_1,4.037506818771362,0,0
gpt-5-mini,316,foo132_c316,False,returncode_1,16.007331132888794,0,0
gpt-5-mini,317,foo133_c317,False,returncode_1,9.693758964538574,0,0
gpt-5-mini,318,foo134_c318,False,returncode_1,14.695429563522339,0,0
gpt-5-mini,319,foo135_c319,False,returncode_1,9.573901176452637,0,0
gpt-5-mini,320,foo136_c320,False,returncode_1,10.860159873962402,0,0
gpt-5-mini,321,foo137_c321,False,returncode_1,9.427370548248291,0,0
gpt-5-mini,322,foo140_c322,False,returncode_1,15.079216480255127,0,0
gpt-5-mini,323,foo141_c323,False,returncode_1,10.904698848724365,0,0
gpt-5-mini,324,foo149_c324,True,pass,259.19,54604,7
gpt-5-mini,325,foo150_c325,False,returncode_1,10.324679136276245,0,0
gpt-5-mini,326,foo151_c326,False,returncode_1,8.856351852416992,0,0
gpt-5-mini,327,foo156_c327,True,pass,178.15,59797,8
gpt-5-mini,328,foo161_c328,False,returncode_1,10.813239336013794,0,0
gpt-5-mini,329,foo162_c329,True,pass,225.9,55584,7
gpt-5-mini,330,foo163_c330,True,pass,294.18,55380,7
gpt-5-mini,331,foo167_c331,False,returncode_1,9.195183992385864,0,0
gpt-5-mini,332,foo168_c332,False,returncode_1,10.97703766822815,0,0
gpt-5-mini,333,foo169_c333,False,returncode_1,9.110333681106567,0,0
gpt-5-mini,334,foo172_c334,False,returncode_1,10.29784631729126,0,0
gpt-5-mini,335,foo174_c335,True,pass,104.91,20627,4
gpt-5-mini,336,foo175_c336,False,returncode_1,4.249055862426758,0,0
gpt-5-mini,337,foo176_c337,False,returncode_1,3.9932610988616943,0,0
gpt-5-mini,338,foo177_c338,False,returncode_1,4.1565635204315186,0,0
gpt-5-mini,339,foo190_c339,False,returncode_1,10.286891460418701,0,0
gpt-5-mini,340,foo191_c340,True,pass,144.42,20098,4
gpt-5-mini,341,foo192_c341,False,returncode_1,10.209694623947144,0,0
gpt-5-mini,342,foo193_c342,False,returncode_1,14.61294436454773,0,0
gpt-5-mini,343,foo194_c343,False,returncode_1,10.635902166366577,0,0
gpt-5-mini,344,foo195_c344,False,returncode_1,10.106969118118286,0,0
gpt-5-mini,345,foo196_c345,False,returncode_1,11.538423299789429,0,0
gpt-5-mini,346,foo198_c346,False,returncode_1,4.748920679092407,0,0
gpt-5-mini,347,foo199_c347,False,returncode_1,10.558516502380371,0,0
gpt-5-mini,348,foo200_c348,False,returncode_1,11.129364967346191,0,0
gpt-5-mini,349,foo204_c349,False,returncode_1,9.621030569076538,0,0
gpt-5-mini,350,foo213_c350,False,returncode_1,15.444950342178345,0,0
gpt-5-mini,351,foo214_c351,False,returncode_1,11.062641382217407,0,0
gpt-5-mini,352,foo215_c352,False,returncode_1,10.12142038345337,0,0
gpt-5-mini,353,foo216_c353,False,returncode_1,21.46164560317993,0,0
gpt-5-mini,354,foo217_c354,False,returncode_1,14.533984661102295,0,0
gpt-5-mini,355,foo218_c355,True,pass,153.51,20135,4
gpt-5-mini,356,foo223_c356,False,returncode_1,9.520445585250854,0,0
gpt-5-mini,357,foo224_c357,False,returncode_1,10.264531373977661,0,0
gpt-5-mini,358,foo250_c358,False,returncode_1,10.193524837493896,0,0
gpt-5-mini,359,foo251_c359,False,returncode_1,9.747894525527954,0,0
gpt-5-mini,360,foo252_c360,True,pass,114.81,20587,4
gpt-5-mini,361,foo253_c361,False,returncode_1,16.5485360622406,0,0
gpt-5-mini,362,foo254_c362,True,pass,95.19,20336,4
gpt-5-mini,363,foo255_c363,False,returncode_1,9.74910569190979,0,0
gpt-5-mini,364,foo256_c364,True,pass,6.27,0,0
gpt-5-mini,365,foo263_c365,True,pass,141.45,19499,4
gpt-5-mini,366,foo264_c366,True,pass,119.15,19587,4
gpt-5-mini,367,foo268_c367,False,returncode_1,9.948565006256104,0,0
gpt-5-mini,368,foo270_c368,False,returncode_1,9.741251230239868,0,0
gpt-5-mini,369,foo275_c369,False,returncode_1,9.63208532333374,0,0
gpt-5-mini,370,foo276_c370,False,returncode_1,18.945165634155273,0,0
gpt-5-mini,371,foo277_c371,False,returncode_1,9.417289972305298,0,0
gpt-5-mini,372,foo281_c372,False,returncode_1,9.165694952011108,0,0
gpt-5-mini,373,foo282_c373,False,returncode_1,9.825028896331787,0,0
gpt-5-mini,374,foo283_c374,False,returncode_1,8.760880708694458,0,0
gpt-5-mini,375,foo284_c375,True,pass,119.25,20336,4
gpt-5-mini,376,foo285_c376,True,pass,112.53,24012,5
gpt-5-mini,377,foo286_c377,True,pass,111.88,23722,5
gpt-5-mini,378,foo287_c378,True,pass,86.69,19463,4
gpt-5-mini,379,foo288_c379,False,returncode_1,9.361515522003174,0,0
gpt-5-mini,380,foo289_c380,False,returncode_1,14.339853763580322,0,0
gpt-5-mini,381,foo290_c381,False,returncode_1,17.754497051239014,0,0
gpt-5-mini,382,foo292_c382,False,returncode_1,15.125,0,0
gpt-5-mini,383,foo294_c383,False,returncode_1,10.629266262054443,0,0
gpt-5-mini,384,foo295_c384,False,returncode_1,14.259607315063477,0,0
gpt-5-mini,385,foo300_c385,False,returncode_1,10.780122756958008,0,0
gpt-5-mini,386,foo302_c386,False,returncode_1,14.138418197631836,0,0
gpt-5-mini,387,foo303_c387,True,pass,136.93,25120,5
gpt-5-mini,388,foo304_c388,False,returncode_1,13.643362998962402,0,0
gpt-5-mini,389,foo307_c389,False,returncode_1,15.400127172470093,0,0
gpt-5-mini,390,foo312_c390,True,pass,80.09,19655,4
gpt-5-mini,391,foo313_c391,False,returncode_1,12.48451542854309,0,0
gpt-5-mini,392,foo315_c392,True,pass,99.91,18756,4
gpt-5-mini,393,foo316_c393,False,returncode_1,13.965463876724243,0,0
gpt-5-mini,394,foo317_c394,False,returncode_1,12.52305006980896,0,0
gpt-5-mini,395,foo321_c395,False,returncode_1,12.085936069488525,0,0
gpt-5-mini,396,foo322_c396,False,returncode_1,16.961035013198853,0,0
gpt-5-mini,397,foo323_c397,False,returncode_1,12.729206085205078,0,0
gpt-5-mini,398,foo324_c398,False,returncode_1,11.869323968887329,0,0
gpt-5-mini,399,foo325,True,pass,37.03,7207,2
